{
  "notes": [
    {
      "title": "Shopping List",
      "content": "Milk\nEggs\nBread",
      "favorite": false,
      "mission": false,
      "missionCompleted": false,
      "creationDate": "2025-05-04 19:20:12",
      "modificationDate": "2025-05-04 19:20:12",
      "folderName": "Personal",
      "tagNames": [
        "groceries"
      ]
    },
    {
      "title": "Project Ideas",
      "content": "1. AI Chatbot\n2. Task Manager",
      "favorite": true,
      "mission": true,
      "missionCompleted": false,
      "creationDate": "2025-05-04 19:20:12",
      "modificationDate": "2025-05-04 19:20:55",
      "alarm": {
        "alarmTime": "2025-05-04 19:22:00",
        "recurring": true,
        "recurrencePattern": "ONCE"
      },
      "folderName": "Work",
      "tagNames": [
        "work"
      ]
    },
    {
      "title": "New Note",
      "content": "adfasdfasfasdfa",
      "favorite": false,
      "mission": false,
      "missionCompleted": false,
      "creationDate": "2025-05-04 19:21:20",
      "modificationDate": "2025-05-04 19:21:22",
      "folderName": "Work",
      "tagNames": []
    }
  ],
  "folders": [
    {
      "name": "Root",
      "subFolders": []
    },
    {
      "name": "Work",
      "subFolders": []
    },
    {
      "name": "Personal",
      "subFolders": []
    },
    {
      "name": "Important",
      "subFolders": []
    },
    {
      "name": "a",
      "subFolders": []
    }
  ],
  "tags": [
    {
      "name": "groceries"
    },
    {
      "name": "work"
    }
  ]
}