{
  "notes": [
    {
      "title": "Shopping List",
      "content": "Milk\nEggs\nBread",
      "favorite": false,
      "mission": false,
      "missionCompleted": false,
      "missionContent": "",
      "creationDate": "2025-05-06 14:58:42",
      "modificationDate": "2025-05-06 14:58:42",
      "folderName": "Personal",
      "tagNames": [
        "groceries"
      ]
    },
    {
      "title": "Project Ideas",
      "content": "1. AI Chatbot\n2. Task Manager",
      "favorite": true,
      "mission": false,
      "missionCompleted": false,
      "missionContent": "",
      "creationDate": "2025-05-06 14:58:42",
      "modificationDate": "2025-05-06 14:58:42",
      "folderName": "Work",
      "tagNames": [
        "work"
      ]
    }
  ],
  "folders": [
    {
      "name": "Root",
      "subFolders": [],
      "favorite": false
    },
    {
      "name": "Work",
      "subFolders": [],
      "favorite": false
    },
    {
      "name": "Personal",
      "subFolders": [],
      "favorite": false
    },
    {
      "name": "Important",
      "subFolders": [],
      "favorite": false
    }
  ],
  "tags": [
    {
      "name": "work"
    },
    {
      "name": "groceries"
    }
  ]
}